[
  {
    "id": 1,
    "priority": 1,
    "action": {
      "type": "modifyHeaders",
      "responseHeaders": [
        {"header": "Access-Control-Allow-Origin", "operation": "set", "value": "*"},
        {"header": "Access-Control-Allow-Headers", "operation": "set", "value": "Authorization, Content-Type"},
        {"header": "Access-Control-Allow-Methods", "operation": "set", "value": "GET, POST, OPTIONS"}
      ]
    },
    "condition": {
      "resourceTypes": ["main_frame","sub_frame","xmlhttprequest","fetch"],
      "urlFilter": "||dashscope.aliyuncs.com/compatible-mode/v1/"
    }
  }
]


